ALM001,What is the alumni data privacy policy?,Alumni Data Privacy Policy,Easy,alumni
ALM002,Where can I find the alumni privacy policy?,Alumni Data Privacy Policy,Easy,alumni
ALM003,What information is protected under alumni data policy?,Alumni Data Privacy Policy,Easy,alumni
ALM004,Why is alumni data privacy policy important?,Alumni Data Privacy Policy,Easy,alumni
ALM005,How does DA-IICT handle alumni data?,Alumni Data Privacy Policy,Medium,alumni
ALM006,Is alumni data shared with third parties?,Alumni Data Privacy Policy,Medium,alumni
ALM007,Who manages alumni data privacy?,Alumni Data Privacy Policy,Medium,alumni
ALM008,Can alumni data be accessed publicly?,Alumni Data Privacy Policy,Easy,alumni
ALM009,What rights do alumni have over their data?,Alumni Data Privacy Policy,Medium,alumni
ALM010,Is consent required for alumni data usage?,Alumni Data Privacy Policy,Medium,alumni

ALM011,What type of updates are included in alumni news?,Alumni News & Updates,Easy,alumni
ALM012,Where can I read alumni news?,Alumni News & Updates,Easy,alumni
ALM013,How frequently is alumni news updated?,Alumni News & Updates,Medium,alumni
ALM014,What is included in the DA-IICT newsletter?,Alumni News & Updates,Easy,alumni
ALM015,Are alumni achievements published in news?,Alumni News & Updates,Easy,alumni
ALM016,Can I access old alumni news articles?,Alumni News & Updates,Medium,alumni
ALM017,How are alumni stories selected for news?,Alumni News & Updates,Medium,alumni
ALM018,Does alumni news include events?,Alumni News & Updates,Easy,alumni
ALM019,Who publishes alumni updates?,Alumni News & Updates,Medium,alumni
ALM020,Are alumni interviews included in newsletters?,Alumni News & Updates,Medium,alumni

ALM021,What are alumni achievements at DA-IICT?,Alumni Achievements,Easy,alumni
ALM022,Where can I find alumni success stories?,Alumni Achievements,Easy,alumni
ALM023,What types of achievements are highlighted?,Alumni Achievements,Easy,alumni
ALM024,Are distinguished alumni listed?,Alumni Achievements,Easy,alumni
ALM025,How are alumni achievements documented?,Alumni Achievements,Medium,alumni
ALM026,Can alumni achievements be updated?,Alumni Achievements,Medium,alumni
ALM027,Who verifies alumni achievements?,Alumni Achievements,Medium,alumni
ALM028,Are startup founders included in achievements?,Alumni Achievements,Easy,alumni
ALM029,Do alumni achievements include awards?,Alumni Achievements,Easy,alumni
ALM030,How are success stories collected?,Alumni Achievements,Medium,alumni

ALM031,What is alumni contribution and participation?,Alumni Contributions,Easy,alumni
ALM032,Where can alumni submit contributions?,Alumni Contributions,Easy,alumni
ALM033,How do alumni participate in institute activities?,Alumni Contributions,Easy,alumni
ALM034,What kind of contributions do alumni make?,Alumni Contributions,Easy,alumni
ALM035,Is there a form for alumni submissions?,Alumni Contributions,Easy,alumni
ALM036,How is alumni feedback collected?,Alumni Contributions,Medium,alumni
ALM037,Can alumni donate or contribute financially?,Alumni Contributions,Medium,alumni
ALM038,Are alumni invited to events?,Alumni Contributions,Easy,alumni
ALM039,How are alumni contributions recognized?,Alumni Contributions,Medium,alumni
ALM040,Who manages alumni engagement?,Alumni Contributions,Medium,alumni

ALM041,What is the alumni newsletter used for?,Alumni Newsletter,Easy,alumni
ALM042,Where can I access the alumni newsletter?,Alumni Newsletter,Easy,alumni
ALM043,How often is the alumni newsletter released?,Alumni Newsletter,Medium,alumni
ALM044,What content is included in newsletters?,Alumni Newsletter,Easy,alumni
ALM045,Does newsletter include achievements?,Alumni Newsletter,Easy,alumni
ALM046,Are alumni events covered in newsletters?,Alumni Newsletter,Easy,alumni
ALM047,Who writes the alumni newsletter?,Alumni Newsletter,Medium,alumni
ALM048,Can alumni contribute to newsletters?,Alumni Newsletter,Medium,alumni
ALM049,Are newsletters archived online?,Alumni Newsletter,Medium,alumni
ALM050,How is alumni engagement measured via newsletter?,Alumni Newsletter,Medium,alumni

ALM051,What are alumni success stories?,Alumni Success Stories,Easy,alumni
ALM052,Where are alumni success stories published?,Alumni Success Stories,Easy,alumni
ALM053,How are success stories selected?,Alumni Success Stories,Medium,alumni
ALM054,Are entrepreneurial alumni featured?,Alumni Success Stories,Easy,alumni
ALM055,Do success stories include career paths?,Alumni Success Stories,Easy,alumni
ALM056,Who verifies alumni stories?,Alumni Success Stories,Medium,alumni
ALM057,Can alumni submit their own stories?,Alumni Success Stories,Medium,alumni
ALM058,Are global alumni achievements included?,Alumni Success Stories,Easy,alumni
ALM059,How are success stories categorized?,Alumni Success Stories,Medium,alumni
ALM060,What is the purpose of alumni success stories?,Alumni Success Stories,Easy,alumni

ALM061,How do alumni engage with the institute?,Alumni Engagement,Easy,alumni
ALM062,What platforms support alumni engagement?,Alumni Engagement,Easy,alumni
ALM063,How are alumni kept connected?,Alumni Engagement,Easy,alumni
ALM064,Are alumni invited to campus events?,Alumni Engagement,Easy,alumni
ALM065,What is the role of alumni network?,Alumni Engagement,Medium,alumni
ALM066,Can alumni mentor students?,Alumni Engagement,Easy,alumni
ALM067,Are webinars part of alumni engagement?,Alumni Engagement,Easy,alumni
ALM068,How does DA-IICT maintain alumni relations?,Alumni Engagement,Medium,alumni
ALM069,Are alumni communities active online?,Alumni Engagement,Medium,alumni
ALM070,What benefits do alumni get?,Alumni Engagement,Medium,alumni

ALM071,What are alumni career updates?,Alumni Career Updates,Easy,alumni
ALM072,Where can I find alumni career information?,Alumni Career Updates,Easy,alumni
ALM073,Are job changes of alumni tracked?,Alumni Career Updates,Medium,alumni
ALM074,Do alumni share career milestones?,Alumni Career Updates,Easy,alumni
ALM075,How are alumni careers documented?,Alumni Career Updates,Medium,alumni
ALM076,Are promotions of alumni included?,Alumni Career Updates,Easy,alumni
ALM077,Who collects alumni career data?,Alumni Career Updates,Medium,alumni
ALM078,Can alumni update their career info?,Alumni Career Updates,Easy,alumni
ALM079,Is career tracking automated?,Alumni Career Updates,Medium,alumni
ALM080,How is alumni career success measured?,Alumni Career Updates,Medium,alumni

ALM081,What are alumni achievements announcements?,Alumni Announcements,Easy,alumni
ALM082,Where are alumni announcements posted?,Alumni Announcements,Easy,alumni
ALM083,What types of announcements are made?,Alumni Announcements,Easy,alumni
ALM084,Are awards announced publicly?,Alumni Announcements,Easy,alumni
ALM085,Do announcements include startups?,Alumni Announcements,Easy,alumni
ALM086,How are announcements verified?,Alumni Announcements,Medium,alumni
ALM087,Who publishes announcements?,Alumni Announcements,Medium,alumni
ALM088,Are global achievements announced?,Alumni Announcements,Easy,alumni
ALM089,Can alumni submit announcements?,Alumni Announcements,Medium,alumni
ALM090,Are announcements archived?,Alumni Announcements,Medium,alumni

ALM091,What are alumni events?,Alumni Events,Easy,alumni
ALM092,Where can I find alumni events?,Alumni Events,Easy,alumni
ALM093,Are alumni invited back to campus?,Alumni Events,Easy,alumni
ALM094,How often are alumni events held?,Alumni Events,Medium,alumni
ALM095,What types of alumni events exist?,Alumni Events,Easy,alumni
ALM096,Are talks by alumni organized?,Alumni Events,Easy,alumni
ALM097,Who organizes alumni events?,Alumni Events,Medium,alumni
ALM098,Can alumni host events?,Alumni Events,Medium,alumni
ALM099,Are alumni webinars conducted?,Alumni Events,Easy,alumni
ALM100,How is alumni participation tracked?,Alumni Events,Medium,alumni

ALM101,What is alumni data privacy policy purpose?,Alumni Data Privacy Policy,Easy,alumni
ALM102,Can alumni data be modified?,Alumni Data Privacy Policy,Medium,alumni
ALM103,How is alumni data stored?,Alumni Data Privacy Policy,Medium,alumni
ALM104,Who has access to alumni data?,Alumni Data Privacy Policy,Medium,alumni
ALM105,Is alumni consent required?,Alumni Data Privacy Policy,Easy,alumni
ALM106,What data is collected from alumni?,Alumni Data Privacy Policy,Medium,alumni
ALM107,Can alumni opt out?,Alumni Data Privacy Policy,Easy,alumni
ALM108,Is alumni data encrypted?,Alumni Data Privacy Policy,Medium,alumni
ALM109,How long is alumni data retained?,Alumni Data Privacy Policy,Medium,alumni
ALM110,Is alumni data used for research?,Alumni Data Privacy Policy,Medium,alumni

ALM111,What are alumni networking activities?,Alumni Networking,Easy,alumni
ALM112,Where does alumni networking happen?,Alumni Networking,Easy,alumni
ALM113,How are alumni connected globally?,Alumni Networking,Medium,alumni
ALM114,Do alumni networks include students?,Alumni Networking,Easy,alumni
ALM115,Are networking events organized?,Alumni Networking,Easy,alumni
ALM116,Who manages alumni networking?,Alumni Networking,Medium,alumni
ALM117,Can alumni form groups?,Alumni Networking,Medium,alumni
ALM118,Is LinkedIn used for alumni networking?,Alumni Networking,Easy,alumni
ALM119,Are mentorship networks included?,Alumni Networking,Medium,alumni
ALM120,How is alumni engagement tracked?,Alumni Networking,Medium,alumni

ALM121,What is alumni career tracking?,Alumni Career Tracking,Easy,alumni
ALM122,Where is alumni career data stored?,Alumni Career Tracking,Easy,alumni
ALM123,How is alumni career progress monitored?,Alumni Career Tracking,Medium,alumni
ALM124,Are alumni jobs tracked automatically?,Alumni Career Tracking,Medium,alumni
ALM125,Can alumni update career info?,Alumni Career Tracking,Easy,alumni
ALM126,Is career dashboard available?,Alumni Career Tracking,Medium,alumni
ALM127,Who analyzes alumni career data?,Alumni Career Tracking,Medium,alumni
ALM128,What metrics are used in career tracking?,Alumni Career Tracking,Medium,alumni
ALM129,Are startups included in tracking?,Alumni Career Tracking,Easy,alumni
ALM130,How is alumni success measured?,Alumni Career Tracking,Medium,alumni

ALM131,What is alumni mentorship platform?,Alumni Mentorship,Easy,alumni
ALM132,Where can students connect with alumni mentors?,Alumni Mentorship,Easy,alumni
ALM133,How does mentorship system work?,Alumni Mentorship,Medium,alumni
ALM134,Are mentors assigned automatically?,Alumni Mentorship,Medium,alumni
ALM135,Can alumni volunteer as mentors?,Alumni Mentorship,Easy,alumni
ALM136,Is mentorship formal or informal?,Alumni Mentorship,Medium,alumni
ALM137,What benefits do mentors get?,Alumni Mentorship,Medium,alumni
ALM138,Are mentorship sessions recorded?,Alumni Mentorship,Medium,alumni
ALM139,How is mentorship impact measured?,Alumni Mentorship,Medium,alumni
ALM140,Who manages mentorship platform?,Alumni Mentorship,Medium,alumni

ALM141,What is alumni portal integration?,Alumni Portal,Easy,alumni
ALM142,Where will alumni portal be accessible?,Alumni Portal,Easy,alumni
ALM143,What features will alumni portal have?,Alumni Portal,Medium,alumni
ALM144,Will alumni portal include login system?,Alumni Portal,Easy,alumni
ALM145,Can alumni update profiles on portal?,Alumni Portal,Easy,alumni
ALM146,Is alumni portal centralized?,Alumni Portal,Medium,alumni
ALM147,Who maintains alumni portal?,Alumni Portal,Medium,alumni
ALM148,Will alumni portal include events?,Alumni Portal,Easy,alumni
ALM149,Can students access alumni portal?,Alumni Portal,Easy,alumni
ALM150,How is alumni portal expected to improve engagement?,Alumni Portal,Medium,alumni